<?xml version="1.0" encoding="UTF-8"?>
<GenRun Id="impl_1" LaunchPart="xcku040-ffva1156-2-e" LaunchTime="1715753371">
  <File Type="BITSTR-BMM" Name="aurora_ultra_bd.bmm"/>
  <File Type="OPT-METHODOLOGY-DRC" Name="aurora_ultra_methodology_drc_opted.rpt"/>
  <File Type="INIT-TIMING" Name="aurora_ultra_timing_summary_init.rpt"/>
  <File Type="ROUTE-PWR" Name="aurora_ultra_power_routed.rpt"/>
  <File Type="PA-TCL" Name="aurora_ultra.tcl"/>
  <File Type="OPT-TIMING" Name="aurora_ultra_timing_summary_opted.rpt"/>
  <File Type="OPT-DCP" Name="aurora_ultra_opt.dcp"/>
  <File Type="ROUTE-PWR-SUM" Name="aurora_ultra_power_summary_routed.pb"/>
  <File Type="REPORTS-TCL" Name="aurora_ultra_reports.tcl"/>
  <File Type="OPT-DRC" Name="aurora_ultra_drc_opted.rpt"/>
  <File Type="OPT-HWDEF" Name="aurora_ultra.hwdef"/>
  <File Type="PWROPT-DCP" Name="aurora_ultra_pwropt.dcp"/>
  <File Type="PWROPT-DRC" Name="aurora_ultra_drc_pwropted.rpt"/>
  <File Type="PWROPT-TIMING" Name="aurora_ultra_timing_summary_pwropted.rpt"/>
  <File Type="PLACE-DCP" Name="aurora_ultra_placed.dcp"/>
  <File Type="PLACE-IO" Name="aurora_ultra_io_placed.rpt"/>
  <File Type="PLACE-CLK" Name="aurora_ultra_clock_utilization_placed.rpt"/>
  <File Type="PLACE-UTIL" Name="aurora_ultra_utilization_placed.rpt"/>
  <File Type="PLACE-UTIL-PB" Name="aurora_ultra_utilization_placed.pb"/>
  <File Type="PLACE-CTRL" Name="aurora_ultra_control_sets_placed.rpt"/>
  <File Type="PLACE-SIMILARITY" Name="aurora_ultra_incremental_reuse_placed.rpt"/>
  <File Type="PLACE-PRE-SIMILARITY" Name="aurora_ultra_incremental_reuse_pre_placed.rpt"/>
  <File Type="BG-BGN" Name="aurora_ultra.bgn"/>
  <File Type="PLACE-TIMING" Name="aurora_ultra_timing_summary_placed.rpt"/>
  <File Type="POSTPLACE-PWROPT-DCP" Name="aurora_ultra_postplace_pwropt.dcp"/>
  <File Type="BG-BIN" Name="aurora_ultra.bin"/>
  <File Type="POSTPLACE-PWROPT-TIMING" Name="aurora_ultra_timing_summary_postplace_pwropted.rpt"/>
  <File Type="PHYSOPT-DCP" Name="aurora_ultra_physopt.dcp"/>
  <File Type="PHYSOPT-DRC" Name="aurora_ultra_drc_physopted.rpt"/>
  <File Type="BITSTR-MSK" Name="aurora_ultra.msk"/>
  <File Type="PHYSOPT-TIMING" Name="aurora_ultra_timing_summary_physopted.rpt"/>
  <File Type="ROUTE-ERROR-DCP" Name="aurora_ultra_routed_error.dcp"/>
  <File Type="ROUTE-DCP" Name="aurora_ultra_routed.dcp"/>
  <File Type="ROUTE-BLACKBOX-DCP" Name="aurora_ultra_routed_bb.dcp"/>
  <File Type="ROUTE-DRC" Name="aurora_ultra_drc_routed.rpt"/>
  <File Type="ROUTE-DRC-PB" Name="aurora_ultra_drc_routed.pb"/>
  <File Type="BITSTR-LTX" Name="debug_nets.ltx"/>
  <File Type="BITSTR-LTX" Name="aurora_ultra.ltx"/>
  <File Type="ROUTE-DRC-RPX" Name="aurora_ultra_drc_routed.rpx"/>
  <File Type="BITSTR-MMI" Name="aurora_ultra.mmi"/>
  <File Type="ROUTE-METHODOLOGY-DRC" Name="aurora_ultra_methodology_drc_routed.rpt"/>
  <File Type="ROUTE-METHODOLOGY-DRC-RPX" Name="aurora_ultra_methodology_drc_routed.rpx"/>
  <File Type="BITSTR-SYSDEF" Name="aurora_ultra.sysdef"/>
  <File Type="ROUTE-METHODOLOGY-DRC-PB" Name="aurora_ultra_methodology_drc_routed.pb"/>
  <File Type="ROUTE-PWR-RPX" Name="aurora_ultra_power_routed.rpx"/>
  <File Type="ROUTE-STATUS" Name="aurora_ultra_route_status.rpt"/>
  <File Type="ROUTE-STATUS-PB" Name="aurora_ultra_route_status.pb"/>
  <File Type="ROUTE-TIMINGSUMMARY" Name="aurora_ultra_timing_summary_routed.rpt"/>
  <File Type="ROUTE-TIMING-PB" Name="aurora_ultra_timing_summary_routed.pb"/>
  <File Type="ROUTE-TIMING-RPX" Name="aurora_ultra_timing_summary_routed.rpx"/>
  <File Type="ROUTE-SIMILARITY" Name="aurora_ultra_incremental_reuse_routed.rpt"/>
  <File Type="ROUTE-CLK" Name="aurora_ultra_clock_utilization_routed.rpt"/>
  <File Type="ROUTE-BUS-SKEW" Name="aurora_ultra_bus_skew_routed.rpt"/>
  <File Type="ROUTE-BUS-SKEW-PB" Name="aurora_ultra_bus_skew_routed.pb"/>
  <File Type="ROUTE-BUS-SKEW-RPX" Name="aurora_ultra_bus_skew_routed.rpx"/>
  <File Type="POSTROUTE-PHYSOPT-DCP" Name="aurora_ultra_postroute_physopt.dcp"/>
  <File Type="POSTROUTE-PHYSOPT-BLACKBOX-DCP" Name="aurora_ultra_postroute_physopt_bb.dcp"/>
  <File Type="POSTROUTE-PHYSOPT-TIMING" Name="aurora_ultra_timing_summary_postroute_physopted.rpt"/>
  <File Type="POSTROUTE-PHYSOPT-TIMING-PB" Name="aurora_ultra_timing_summary_postroute_physopted.pb"/>
  <File Type="POSTROUTE-PHYSOPT-TIMING-RPX" Name="aurora_ultra_timing_summary_postroute_physopted.rpx"/>
  <File Type="POSTROUTE-PHYSOPT-BUS-SKEW" Name="aurora_ultra_bus_skew_postroute_physopted.rpt"/>
  <File Type="POSTROUTE-PHYSOPT-BUS-SKEW-PB" Name="aurora_ultra_bus_skew_postroute_physopted.pb"/>
  <File Type="BG-BIT" Name="aurora_ultra.bit"/>
  <File Type="POSTROUTE-PHYSOPT-BUS-SKEW-RPX" Name="aurora_ultra_bus_skew_postroute_physopted.rpx"/>
  <File Type="BITSTR-RBT" Name="aurora_ultra.rbt"/>
  <File Type="BITSTR-NKY" Name="aurora_ultra.nky"/>
  <File Type="BG-DRC" Name="aurora_ultra.drc"/>
  <File Type="RDI-RDI" Name="aurora_ultra.vdi"/>
  <File Type="WBT-USG" Name="usage_statistics_webtalk.html"/>
  <FileSet Name="sources" Type="DesignSrcs" RelSrcDir="$PSRCDIR/sources_1">
    <Filter Type="Srcs"/>
    <File Path="$PSRCDIR/sources_1/new/aurora_ultra.v">
      <FileInfo>
        <Attr Name="UsedIn" Val="synthesis"/>
        <Attr Name="UsedIn" Val="implementation"/>
        <Attr Name="UsedIn" Val="simulation"/>
      </FileInfo>
    </File>
    <Config>
      <Option Name="DesignMode" Val="RTL"/>
      <Option Name="TopModule" Val="aurora_ultra"/>
      <Option Name="TopAutoSet" Val="TRUE"/>
    </Config>
  </FileSet>
  <FileSet Name="constrs_in" Type="Constrs" RelSrcDir="$PSRCDIR/constrs_1">
    <Filter Type="Constrs"/>
    <Config>
      <Option Name="ConstrsType" Val="XDC"/>
    </Config>
  </FileSet>
  <FileSet Name="utils" Type="Utils" RelSrcDir="$PSRCDIR/utils_1">
    <Filter Type="Utils"/>
    <Config>
      <Option Name="TopAutoSet" Val="TRUE"/>
    </Config>
  </FileSet>
  <Strategy Version="1" Minor="2">
    <StratHandle Name="Vivado Implementation Defaults" Flow="Vivado Implementation 2018"/>
    <Step Id="init_design"/>
    <Step Id="opt_design"/>
    <Step Id="power_opt_design"/>
    <Step Id="place_design"/>
    <Step Id="post_place_power_opt_design"/>
    <Step Id="phys_opt_design"/>
    <Step Id="route_design"/>
    <Step Id="post_route_phys_opt_design"/>
    <Step Id="write_bitstream"/>
  </Strategy>
  <BlockFileSet Type="BlockSrcs" Name="aurora_8b10b_0"/>
</GenRun>
