<?xml version="1.0" encoding="UTF-8"?>
<GenRun Id="aurora_8b10b_0_synth_1" LaunchPart="xcku040-ffva1156-2-e" LaunchTime="1715753358">
  <File Type="PA-TCL" Name="aurora_8b10b_0.tcl"/>
  <File Type="RDS-PROPCONSTRS" Name="aurora_8b10b_0_drc_synth.rpt"/>
  <File Type="REPORTS-TCL" Name="aurora_8b10b_0_reports.tcl"/>
  <File Type="RDS-RDS" Name="aurora_8b10b_0.vds"/>
  <File Type="RDS-UTIL" Name="aurora_8b10b_0_utilization_synth.rpt"/>
  <File Type="RDS-UTIL-PB" Name="aurora_8b10b_0_utilization_synth.pb"/>
  <File Type="RDS-DCP" Name="aurora_8b10b_0.dcp"/>
  <File Type="VDS-TIMINGSUMMARY" Name="aurora_8b10b_0_timing_summary_synth.rpt"/>
  <File Type="VDS-TIMING-PB" Name="aurora_8b10b_0_timing_summary_synth.pb"/>
  <FileSet Name="sources" Type="BlockSrcs" RelSrcDir="$PSRCDIR/aurora_8b10b_0">
    <File Path="$PSRCDIR/sources_1/ip/aurora_8b10b_0/aurora_8b10b_0.xci">
      <FileInfo>
        <Attr Name="UsedIn" Val="synthesis"/>
        <Attr Name="UsedIn" Val="implementation"/>
        <Attr Name="UsedIn" Val="simulation"/>
      </FileInfo>
    </File>
    <Config>
      <Option Name="TopModule" Val="aurora_8b10b_0"/>
      <Option Name="UseBlackboxStub" Val="1"/>
    </Config>
  </FileSet>
  <FileSet Name="constrs_in" Type="BlockSrcs" RelSrcDir="$PSRCDIR/aurora_8b10b_0">
    <File Path="$PSRCDIR/sources_1/ip/aurora_8b10b_0/aurora_8b10b_0.xci">
      <FileInfo>
        <Attr Name="UsedIn" Val="synthesis"/>
        <Attr Name="UsedIn" Val="implementation"/>
        <Attr Name="UsedIn" Val="simulation"/>
      </FileInfo>
    </File>
    <Config>
      <Option Name="TopModule" Val="aurora_8b10b_0"/>
      <Option Name="UseBlackboxStub" Val="1"/>
    </Config>
  </FileSet>
  <FileSet Name="utils" Type="Utils" RelSrcDir="$PSRCDIR/utils_1">
    <Filter Type="Utils"/>
    <Config>
      <Option Name="TopAutoSet" Val="TRUE"/>
    </Config>
  </FileSet>
  <Strategy Version="1" Minor="2">
    <StratHandle Name="Vivado Synthesis Defaults" Flow="Vivado Synthesis 2018"/>
    <Step Id="synth_design"/>
  </Strategy>
</GenRun>
